{
  "model": "theta_to_radius_polynomial",
  "principal_point": {
    "cx": 1275.7537139030653,
    "cy": 721.9023074276598
  },
  "radial_model": {
    "b1": 1837.322806432038,
    "b3": -353.2056125407777,
    "b5": 70.49963865540303
  },
  "cameras": {
    "1": {
      "principal_point_offset_px": {
        "dcx": -4.029552797969473,
        "dcy": -18.248231467137217
      },
      "Az_rad": -0.32112466202095746,
      "Alt_rad": 0.7286570597546762,
      "Roll_rad": 0.045100930763729404
    },
    "2": {
      "principal_point_offset_px": {
        "dcx": -5.697389943327286,
        "dcy": -8.419276379416303
      },
      "Az_rad": 1.1805839166245278,
      "Alt_rad": 0.7497371269890383,
      "Roll_rad": -0.02239756359495203
    },
    "3": {
      "principal_point_offset_px": {
        "dcx": 4.610565257530689,
        "dcy": -6.711783377209019
      },
      "Az_rad": -1.9071067529160448,
      "Alt_rad": 0.7027650787823313,
      "Roll_rad": -0.0324953833326378
    },
    "4": {
      "principal_point_offset_px": {
        "dcx": -5.723623146654207,
        "dcy": 12.606626366377249
      },
      "Az_rad": 1.2417166371907808,
      "Alt_rad": 1.38866759875658,
      "Roll_rad": 0.03097639051798395
    },
    "5": {
      "principal_point_offset_px": {
        "dcx": -13.837294052598203,
        "dcy": 1.4112572404686141
      },
      "Az_rad": -1.8407364972797275,
      "Alt_rad": 1.302006466838026,
      "Roll_rad": 0.05743198450714158
    },
    "6": {
      "principal_point_offset_px": {
        "dcx": 0.3963897117657438,
        "dcy": 2.3168015129796804
      },
      "Az_rad": 2.8007284355808744,
      "Alt_rad": 0.7465222115636895,
      "Roll_rad": 0.00574022080772051
    }
  }
}