{
  "model": "theta_to_radius_polynomial",
  "principal_point": {
    "cx": 1275.7537139030653,
    "cy": 721.9023074276598
  },
  "radial_model": {
    "b1": 1837.322806432038,
    "b3": -353.2056125407777,
    "b5": 70.49963865540303
  },
  "cameras": {
    "1": {
      "principal_point_offset_px": {
        "dcx": -4.029552797969473,
        "dcy": -18.248231467137217
      },
      "Az_rad": -0.044371321231517304,
      "Alt_rad": 0.5393769411371664,
      "Roll_rad": -0.0016153496661804104
    },
    "2": {
      "principal_point_offset_px": {
        "dcx": -5.697389943327286,
        "dcy": -8.419276379416303
      },
      "Az_rad": 1.543168194319783,
      "Alt_rad": 0.5949575093930042,
      "Roll_rad": 0.011974150979241104
    },
    "3": {
      "principal_point_offset_px": {
        "dcx": 4.610565257530689,
        "dcy": -6.711783377209019
      },
      "Az_rad": -1.5993164203088306,
      "Alt_rad": 0.5058897607540692,
      "Roll_rad": -0.057983798975170066
    },
    "4": {
      "principal_point_offset_px": {
        "dcx": -5.723623146654207,
        "dcy": 12.606626366377249
      },
      "Az_rad": 1.4584949050236806,
      "Alt_rad": 1.3336515614778448,
      "Roll_rad": -0.05881460709325874
    },
    "5": {
      "principal_point_offset_px": {
        "dcx": -13.837294052598203,
        "dcy": 1.4112572404686141
      },
      "Az_rad": -1.6346317567443878,
      "Alt_rad": 1.271731918764941,
      "Roll_rad": -0.052723065630065014
    },
    "6": {
      "principal_point_offset_px": {
        "dcx": 0.3963897117657438,
        "dcy": 2.3168015129796804
      },
      "Az_rad": 3.122386401121816,
      "Alt_rad": 0.5434647095936925,
      "Roll_rad": 0.006116767000525449
    }
  }
}