{
  "1 Cyg": {
    "ra_deg": 289.27570134506874,
    "dec_deg": 53.36845827781306
  },
  "10 Cep": {
    "ra_deg": 326.36218806843,
    "dec_deg": 61.12080560639389
  },
  "100 Vir": {
    "ra_deg": 214.77746945512624,
    "dec_deg": -13.371091295024444
  },
  "107 Vir": {
    "ra_deg": 220.7650999448383,
    "dec_deg": -5.658201376752223
  },
  "11 Del": {
    "ra_deg": 310.8647231393717,
    "dec_deg": 15.074578684846113
  },
  "12 Del A": {
    "ra_deg": 311.66458259985995,
    "dec_deg": 16.124293954090003
  },
  "13 Aql": {
    "ra_deg": 284.90565157804997,
    "dec_deg": 15.06828104146
  },
  "13 Oph": {
    "ra_deg": 249.2897502448742,
    "dec_deg": -10.56708603964
  },
  "13 Ser": {
    "ra_deg": 233.70061506285754,
    "dec_deg": 10.538867997173215
  },
  "16 Aql": {
    "ra_deg": 286.56224439258,
    "dec_deg": -4.88256274593
  },
  "16 Umi": {
    "ra_deg": 236.01466070576328,
    "dec_deg": 77.79449312481054
  },
  "18 Cas": {
    "ra_deg": 10.126846007691249,
    "dec_deg": 56.537329217042775
  },
  "2 Cep": {
    "ra_deg": 307.39543861014,
    "dec_deg": 62.99411033485
  },
  "20 Her": {
    "ra_deg": 245.4800609282779,
    "dec_deg": 19.153128540107776
  },
  "20 Ser": {
    "ra_deg": 235.44756139817,
    "dec_deg": 12.847526029400003
  },
  "22 Umi": {
    "ra_deg": 251.49268168439,
    "dec_deg": 82.03725828429
  },
  "23 Boo": {
    "ra_deg": 216.2991539590004,
    "dec_deg": 51.85074367335807
  },
  "23 Uma": {
    "ra_deg": 142.88211696306456,
    "dec_deg": 63.06185995089555
  },
  "24 Cas": {
    "ra_deg": 12.276227476217503,
    "dec_deg": 57.81517728880999
  },
  "25 UMa": {
    "ra_deg": 143.21429555749293,
    "dec_deg": 51.67731480847444
  },
  "27 Cas": {
    "ra_deg": 14.17721289375,
    "dec_deg": 60.71674002472222
  },
  "27 Sgr": {
    "ra_deg": 281.41412309412124,
    "dec_deg": -26.99078264511139
  },
  "28 Ser": {
    "ra_deg": 236.54689658602248,
    "dec_deg": 15.421819296846387
  },
  "29 UMa": {
    "ra_deg": 147.74732523445957,
    "dec_deg": 59.03873362321777
  },
  "3 Cep": {
    "ra_deg": 311.3223965313,
    "dec_deg": 61.838781731080005
  },
  "30 Aql": {
    "ra_deg": 291.3745891389376,
    "dec_deg": 3.114779474957126
  },
  "30 UMa": {
    "ra_deg": 148.02647655093364,
    "dec_deg": 54.064332289441886
  },
  "37 Ser": {
    "ra_deg": 237.7040219606796,
    "dec_deg": 4.477730970842778
  },
  "40 Oph": {
    "ra_deg": 260.251560504735,
    "dec_deg": -21.112936391930834
  },
  "40 Sgr": {
    "ra_deg": 286.73501297132,
    "dec_deg": -27.67041563722
  },
  "41 Ser": {
    "ra_deg": 239.11326107375749,
    "dec_deg": 15.661613772328334
  },
  "42 Oph": {
    "ra_deg": 260.502413945,
    "dec_deg": -24.99954638166667
  },
  "43 Boo": {
    "ra_deg": 226.11142899823997,
    "dec_deg": 26.94764831773
  },
  "43 Dra": {
    "ra_deg": 275.1893010132354,
    "dec_deg": 71.33781941082947
  },
  "44 Dra": {
    "ra_deg": 275.2640939542736,
    "dec_deg": 72.73284772361531
  },
  "49 Boo": {
    "ra_deg": 228.87567841690498,
    "dec_deg": 33.31483124216833
  },
  "6 Lyr": {
    "ra_deg": 281.19315450619,
    "dec_deg": 37.60512165338167
  },
  "62 Oph": {
    "ra_deg": 266.9731691245113,
    "dec_deg": 2.7072791218991665
  },
  "64 Cyg": {
    "ra_deg": 318.23410828951364,
    "dec_deg": 30.226898680620003
  },
  "65 Aql": {
    "ra_deg": 302.82619454879625,
    "dec_deg": -0.8214635937475
  },
  "Acrab": {
    "ra_deg": 241.35929166666665,
    "dec_deg": -19.80538888888889
  },
  "Albaldah": {
    "ra_deg": 287.440970525,
    "dec_deg": -21.023613981944443
  },
  "Alderamin": {
    "ra_deg": 319.6448846972256,
    "dec_deg": 62.5855744637194
  },
  "Aldhibah": {
    "ra_deg": 257.1966155398917,
    "dec_deg": 65.71464532697362
  },
  "Aldulfin": {
    "ra_deg": 308.30322026626874,
    "dec_deg": 11.303266387445278
  },
  "Alfirk": {
    "ra_deg": 322.1649868804167,
    "dec_deg": 70.56071518916666
  },
  "Algedi": {
    "ra_deg": 304.5135649821425,
    "dec_deg": -12.544852120195275
  },
  "Alioth": {
    "ra_deg": 193.5072899675,
    "dec_deg": 55.95982295694445
  },
  "Aljanah": {
    "ra_deg": 311.55280115351087,
    "dec_deg": 33.97032834364584
  },
  "Alkaid": {
    "ra_deg": 206.88515734206297,
    "dec_deg": 49.31326672942533
  },
  "Alkalurops": {
    "ra_deg": 231.12263111872997,
    "dec_deg": 37.37715592268
  },
  "Alnasl": {
    "ra_deg": 271.45203374499994,
    "dec_deg": -30.424089849444446
  },
  "Alniyat": {
    "ra_deg": 245.29714880583333,
    "dec_deg": -25.592792076666665
  },
  "Alphecca": {
    "ra_deg": 233.67195203403162,
    "dec_deg": 26.714685000024716
  },
  "Alsafi": {
    "ra_deg": 293.0899592077504,
    "dec_deg": 69.66117661255723
  },
  "Alshain": {
    "ra_deg": 298.8283035123829,
    "dec_deg": 6.406764233985
  },
  "Altair": {
    "ra_deg": 297.69582729638694,
    "dec_deg": 8.868321196436963
  },
  "Altais": {
    "ra_deg": 288.1387557204383,
    "dec_deg": 67.66153865705445
  },
  "Alula Australis": {
    "ra_deg": 169.54554950000002,
    "dec_deg": 31.529288899999997
  },
  "Alula Borealis": {
    "ra_deg": 169.61973835928958,
    "dec_deg": 33.09430607022111
  },
  "Alya": {
    "ra_deg": 284.0549166666667,
    "dec_deg": 4.2035833333333334
  },
  "Anser": {
    "ra_deg": 292.176374672262,
    "dec_deg": 24.664905852074995
  },
  "Antares": {
    "ra_deg": 247.3519154198264,
    "dec_deg": -26.432002611950832
  },
  "Arcturus": {
    "ra_deg": 213.915300294925,
    "dec_deg": 19.1824091615312
  },
  "Ascella": {
    "ra_deg": 285.6530426563352,
    "dec_deg": -29.88006330096877
  },
  "Athebyne": {
    "ra_deg": 245.99785970199997,
    "dec_deg": 61.51420976085001
  },
  "Brachium": {
    "ra_deg": 226.0175617057,
    "dec_deg": -25.28196957961
  },
  "Caph": {
    "ra_deg": 2.2945215777878776,
    "dec_deg": 59.14978109800713
  },
  "Cebalrai": {
    "ra_deg": 265.86813295741786,
    "dec_deg": 4.567303668469166
  },
  "Chara": {
    "ra_deg": 188.43560104856124,
    "dec_deg": 41.35747815357195
  },
  "Cor Caroli": {
    "ra_deg": 194.00693995375286,
    "dec_deg": 38.31837643625333
  },
  "Dabih": {
    "ra_deg": 305.25277749238,
    "dec_deg": -14.78140760208
  },
  "Deneb": {
    "ra_deg": 310.35797975307673,
    "dec_deg": 45.280338806527574
  },
  "Denebola": {
    "ra_deg": 177.26490975591017,
    "dec_deg": 14.572058064829658
  },
  "Diadem": {
    "ra_deg": 197.49702168569598,
    "dec_deg": 17.52945526166217
  },
  "Dschubba": {
    "ra_deg": 240.08335534565887,
    "dec_deg": -22.621706426005783
  },
  "Dubhe": {
    "ra_deg": 165.9319646738126,
    "dec_deg": 61.751034687818226
  },
  "Edasich": {
    "ra_deg": 231.23239085120377,
    "dec_deg": 58.966065864404726
  },
  "Elgafar": {
    "ra_deg": 217.05057875906,
    "dec_deg": -2.22795805996
  },
  "Eltanin": {
    "ra_deg": 269.1515411786243,
    "dec_deg": 51.48889561763423
  },
  "Enif": {
    "ra_deg": 326.04648391416663,
    "dec_deg": 9.875008653333333
  },
  "Errai": {
    "ra_deg": 354.83712672241,
    "dec_deg": 77.63236410594
  },
  "Fang": {
    "ra_deg": 239.71297182416666,
    "dec_deg": -26.114107945
  },
  "Fawaris": {
    "ra_deg": 296.24365384430797,
    "dec_deg": 45.13081463141527
  },
  "Fulu": {
    "ra_deg": 9.242852031185834,
    "dec_deg": 53.89691044421194
  },
  "Fuyue": {
    "ra_deg": 267.4645037403808,
    "dec_deg": -37.04327637830389
  },
  "Giausar": {
    "ra_deg": 172.85092364299916,
    "dec_deg": 69.33107573011195
  },
  "Grumium": {
    "ra_deg": 268.38220642831584,
    "dec_deg": 56.87264192915222
  },
  "Gudja": {
    "ra_deg": 237.1849050094375,
    "dec_deg": 18.141564908046668
  },
  "HIP 107259": {
    "ra_deg": 325.8769148160595,
    "dec_deg": 58.78004609373167
  },
  "HIP 78727": {
    "ra_deg": 241.09222739999996,
    "dec_deg": -11.3731039
  },
  "HIP 86670": {
    "ra_deg": 265.62198000035505,
    "dec_deg": -39.02998307638737
  },
  "HIP 87073": {
    "ra_deg": 266.89616445956506,
    "dec_deg": -40.12699736232806
  },